,fare_cost_per_mile,base_fare
taxi_model,2.2342967312255064,16.982297549804695
tnc_model,1.310522662903341,19.989939671360023
